Device,xdpi,ydpi,ppi,,Line Scale,Text Scale,Importance
Iphone 12max,,,460,,2,2,1024 * 1024
iPad Pro (2018),,,264,,,,
Pixel 2,420,420,420,,1.826086957,2.8,
Pixel 4,,,537,,2.334782609,3.58,
OnePlus 9,,,402,,1.747826087,2.68,
Galaxy Note 20 Ultra,494,496,495,,2.152173913,3.3,
iPad Mini gen 5 (MUU52LL/A),,,326,,1.417391304,2.173333333,
